corpu,searchindexvan,cidcidcid,reasonfactor,allthingsapril,kosovo,thursday,granular,figurewindow,sens,andrewviterbierror,sourc,columbinehigh,estimatesegmentationpoint,kosovolinda,ahmm,aspecthmmsegment,govern,word,transitionprobabilitydistribut,segmentationcorpora,school,nprsrichardharri,markov,topicchoosetopictopicdistribut,natur,dempsterlairdrubinmaximum,zt,index,studypresidentpeac,segmentationmethodtext,section,method,plicitrepresentationdocu,conclusionsfuturework,referencesstatist,bodi,barbaramantel,let,valu,structureinformationaccess,observ,converg,cidnumb,chanc,rulewiapproxim,segmentationmodel,losalamosnationallaboratori,schoolvoucherprogram,functionprobabilitydistribut,fee,websit,music,newsanalyst,observationdocumentlabel,today,capit,martihearstcontext,speechrecognitionengin,atcapril,train,retriev,work,wordtopicindependenceassumpt,uniqu,probabilitylossstep,chernomyrdin,nprswadegoodwyn,corpustrain,schooltragedytoday,modeloccurrencedocumentwordtopicfactor,process,emiss,topic,vationwindow,validatesegmentationaccuraci,journalroyalstatisticalsocietydanielgildeathomashofmann,segmenteragreementstatusairwar,concid,observationsequ,nyt,probabilitysegmentseg,informationtextcorporanewswir,cidwiword,mancetext,platewtrandom,diagram,probabilitysegmentprobabilityseg,modelpapermethod,npr,coap,inform,peakperformancewindows,structureinformationsegmentoutputtopicsit,allth,augustdecemb,yugoslaviacongress,paper,wtwtwtwt,paramet,todayinvestig,window,suspicion,dentopicstaterandom,plimentseg,tribut,nation,break,framework,subtask,sizeperformanceaspectmodel,trainingpusot,discuss,performancemodelmethodtop,choic,pregnanc,rithmwordsimilaritymeasur,segmentationmachin,em,segmentationnumberexamplestoryhypothesissegment,timeyearinternet,denci,speechbot,tiranaalbania,newyorktimesnytasr,cess,health,sentenceparagraphstructurenitionengineaddit,asr,outputspeechrecognit,observationtim,topicbreak,atc,florida,compaqcambridgeresearchlab,first,topictimeseri,worksummerinternship,size,tor,system,danielschorr,attack,stock,probabilitylatentfactor,senateimpeach,way,legislatur,problemaspectmodel,part,topicseriestransit,tion,stori,sophia,newyorktim,getpresidentmarketeconomi,worderrorr,correspond,manner,techniqu,probabilityword,lic,modelhiddenstateinstancelat,missileastray,languagemodel,parameterlanguagemodel,distribut,topicwordsegmentlabel,atcgovern,errordecomposit,letter,pair,segment,windows,termtop,programmingtechniqu,informationretriev,text,random,radio,permiss,iterationsemnytatcfiguretemperedem,algorithmobservationprobabilitytimestep,latent,nprsjimzarroli,factor,approximationapproximationschemesect,problemrandom,newyorkc,modelframeworkdocu,noticeot,sequenceword,observationtopiccidassumpt,bay,figuresummari,decreasescor,expectationmaxim,bulgaria,pairdocumentlabelword,crossvalid,waysuccesstop,mulbregtcarpgillickloweyamrontext,yugoslavia,result,blei,windowwindows,televis,factorcorpu,figur,methodsequ,beeferman,sidesentencefac,speechnit,sectiondescriptionerrormeasur,assumpt,wd,abilityclustersegmentfactor,sectionsectiondard,news,russianprimeminist,modelrespectsectionparamet,atcnyt,committe,china,parameterprobabilitydistributiontrainingseg,workarea,scientistcidjob,textsect,wall,kosovoair,groundtruth,respect,damag,sizetrain,pu,transitionprobabilitydistributiontop,interpret,assumptiondistribut,topicshift,hmm,modelloglikelihoodtrain,phenomenonmultipl,diagramesissegment,allthingsatc,measuresegmentationrespect,case,yugoslaviasarahchay,successratesectionsuccess,error,presidenttodaytimeyear,mulbregt,ir,kosovar,perform,document,topiczt,methodtopicsegment,segmentationmodeltop,segmentationgranular,streamtextsequ,student,task,viterbi,model,seriesparagraphsentencestructuremethod,aspect,agreementprob,languag,note,randomnytrandomatcactualatcfigurecoap,nprkaiserkennedyschoolpol,hmmsegment,applic,precisionsegment,onlineaudio,nprsmikeshust,birth,segmentlabelcomputeaspectmodel,coaphmmahmmnyt,collect,modelport,yeareduc,sampl,yearpercenttim,informationtoday,increaseperformanceexpens,copyrightacmpedromorenocompaqcomputercorporationcambridgeresearchlaboratoryonecambridgecentercambridgemausaintroduct,worddocumenttrainingdocumentlabelnumb,birthrat,observationdistribut,predictionniumweekendsignicidc,dissert,wordot,comparison,tenworderror,segmenttrainingcorpu,segmentlabelword,ot,ministertodayagr,figuresegment,nprstomgjelten,frameworknotioncorpu,observationemiss,footballplay,support,width,isaiahshoelsshoel,ahmmhmm,modelfamilyprob,wtwt,war,hearsttexttil,analysi,segmentationtop,north,keywordsmachinelearningirtopicdetectiontrack,hmmahmm,columbinehighschoollindanoah,line,hf,cid,us,parameterclusterargmaxtransit,speechbotir,problem,recognitionsystemmodel,methodtopict,midstcrisi,documenthalf,edwardkennedi,abstract,year,al,littletoncolorado,ument,probabl,topicdescript,computersciencedivisiontechnicalreportthomashofmann,valuetop,futur,valuemodel,sequenc,peac,massacr,algorithm,newsprogram,missionpeac,time,segmentfigur
programchinanono,code,figgener,execut,medeirosarcieribaierblicklebosevan,transformationprob,latentgenerationprobabilitydistribut,silvaferreira,probgmpmpwfw,ieeetransactionsimagerahm,paper,unbalancelogsamples,yangwenwangtableperform,tracediscoveryproblem,ratio,nois,stilostoelswensontalamotanturnervanthienenvarvaressosverbeekverdonkvigowangweberweidlichweijterswenwestergaardwynnprocess,probabilitytheori,tw,pollutiondupl,granular,tracetraceclass,approachfalsetracesprocesseventlogsnorm,busi,fig,samples,overview,professorarthur,signalprocessingfocu,eventtraceprobabilitypollut,chemistri,sequencetask,danielbarkaouidustdarbpm,occurrencetim,tracechancehttp,pollut,tracepollut,number,distanc,pollutiondescriptiondistancepollutionratio,pollutionassumptionproblemnois,professorwil,bpmfig,pollutionlogsamples,lingosystem,executionbusi,encourag,approachfalsetracesprocesseventlog,probabilitymatrix,choic,rocharestivoreisaosistemastecnologia,jensen,organ,occurr,workpaperplan,bpm,processpollut,collect,executionbusinessprocesstraceresult,workpap,arrow,clean,markov,pollutioninform,approachfalsetracesprocesseventlogstablepollut,reasonpollut,version,pollutionpollut,distancefunct,probabilitytrac,knowledg,gaussian,qualityprocessmin,eventloginform,conclusionsfutur,pollutionratio,completionprocessinstancesequ,remainderpap,pi,ter,processmodelpollut,event,valuedist,fatilpthr,detect,advicetop,matrix,pollutiontypepollutionratiologlength,introductionprocess,section,informationsystembpm,examplehospit,eventposit,miningdiscoveryconformanceenhancementbusinessprocessesspringerberlin,estim,informationpollutionel,qualityeventlog,transformationprobabilitydetailinform,toolinteract,manneroccurr,computationcomplexitynumb,experi,approach,prob,aalstdatausinglittlethumb,unbal,informationpollutionexampl,modeldiscoveri,assumpt,eventexecutiontask,logoccurr,categoryalgorithm,optimizationproblemprobabilitydistribut,gener,figapproach,mitpresscambridgeprocessmodelseventlogsieeetransactionsknowledg,businessprocessmanagementbpm,bridgingpeoplesoftwareprocesstechnologywileyintersciencehobokenmarusterweijt,experimentdesign,relationshippjcid,dataminingoccurr,freq,acdg,tracetm,valu,basi,trustworthi,comparison,aalstadriansyah,perform,transformationmatrix,logpollut,acdgadcgbehbf,lifecycl,medeiro,pendentoccurrencepollut,hofstedehooglandingvaldsenkatokuhnkumarlarosamaggimalerbamansmanuelmccreeshmellomendlingmontali,ieeedata,improv,der,latentprob,mannersectionpaperfuturework,cidfifiargmincidgjcidfigjfitimizationproblem,hofsted,scale,applicationscenarioprocessmodelbusinessprocess,businessprocesspurchaseorderinsuranceclaimetcsequencenetwork,mannert,mannerprocessinst,qualiti,yangwenwang,pollutiontypepollutionratio,transform,pair,brandbrandtjenbuijsburattincarmonacastellanosclaescookcostantinicurberadamiani,ratiologsamplesizesamplesizesamplesizelogsamplesizesamplesizesamples,precisionestimationlatentgener,consider,dataminingknowledgecookduliuwolf,processmin,tracetrac,keyidea,van,log,eventlog,pollutiontypelog,data,executionbusinessprocess,evolut,plan,generationprob,rararararararararat,waveletdomain,xyzk,problemfals,businessprocessmanag,pmpm,falsetracediscoveri,berlinheidelbergyangwenwangr,cationprocessminingalgorithm,zur,life,dongendumasdustdarguzzoharmon,enactmentinteractionmanu,relationship,sourceplatform,acmtran,probabilitymatrixpollutionmatrix,tracesequ,programchinano,pollutiontyp,aalstboschapproachprocessdiscoverydealingnoiseimbalanceprocesslogsportillastrelawainwrightsimoncelliimag,occurrencefrequ,eventlogpollutiontyp,line,processminingmodeldiscoveri,keyword,type,executionbusinessprocesseventlogexampl,properti,scenariotimeoccurr,completenessev,work,assumptiondetailassumptionassumptionassumpt,transformprob,tablegener,problem,extrem,observ,balanceunbalanceextrem,rarararararararara,subsect,pollutionratioratiopollutionratioratiolevelpollutionratio,exampleprocessmodel,moewynn,process,descript,tabl,mine,accept,puerror,manner,donohoieeetransactionsinformationduma,yangwenwangproblemcharacter,problemformul,pmfm,processminingeventlogbusinessprocessmanag,occur,knowledgeev,probabl,processmodeltrac,ti,experimentresult,inform,varietysoftwar,tenth,latentgener,taskactivitycontextbusinessprocessprocessmodelabstractionbusinessprocess,leonidelia,titj,note,role,evalu,processprocess,pai,processmodel,motivationtop,divers,pmpmpmfm,generationlatentgener,projectschinanonoyangwenwang,vander,trace,sequenc,mationsystem,hand,driven,logbag,processminingprocessminingprocessmin,blood,aalst,applicationprocessminingalgorithm,date,miningbridg,law,tmtm,worldbusinessprocess,network,simplic,fatilp,third,instantlytest,discoveryalgorithmscorrect,redesignfig,element,pollutionev,minimizationdistancefunct,exampl,diagnosisev,determin,miningmanifesto,medeiroswenprocessminingoverviewoutlookpetrinetdiscoveryalgorithm,model,optimizationproblem,order,dongenalv
code,gq,memberonlin,roc,correl,auc,taskconnectivitytur,graph,proxim,typefriendstrangergo,articl,turepatternsimpleneighbor,recognitionimaget,sourc,everi,distancefunctionstructurelink,fai,structureformationnumb,popularityvalu,iter,circleegonetwork,work,linkpredict,section,version,method,mcauley,deriv,lem,learningproc,circleintroduct,performanc,valu,convers,bor,entitynod,converg,algorithmalgorithm,social,networkstructuremodellevel,famili,select,graphsmatrixfactor,testperformancemeasur,variationdivers,performancetheori,areacurv,ideastructur,abilitymodel,predict,paramet,parametrizationknowledgetransf,notic,modelnetworkevolut,train,articlecitationpredictioncircl,nipsblakeshawjebara,socialcircl,wayknowledg,williamszemelculotta,mk,mt,spmloutput,mq,corrmcauleyleskovec,learn,cone,taskcorrel,wang,methodnetwork,process,projectpsd,topic,densenetworkstructur,onlin,multipl,sizefeaturedimensionalitynumb,overallperformanceeucsetsizesearchenginepapersgraphtheorypapersphilosophypaperssetsizesetsizesets,place,parameter,gaso,evgeni,nitionimageretriev,data,demonstr,goal,citationpredict,testtim,networkstructureinformationfeaturenod,element,inform,combin,subgradientdescentmethod,directionfact,paper,oasispegaso,entiti,group,cle,better,algorithmstochast,subgradientdesc,featurenod,fig,examplecomputercas,return,iterationtask,networksparsenetwork,yu,introduct,nipscaruanamultitask,ijcnnkleinberg,supportvectormachinessvmsmtl,citat,mtlmtl,idea,related,spmlmahalanobi,yutrespschwaighof,bodywork,operationendalgorithmpractic,network,gradient,research,vector,tablecapturearticlecontentdimension,indexiter,egonetwork,standard,figurelink,parameswaran,networkstructuresupervis,principl,softwar,number,alarea,goalarticl,xq,size,inputgqgqxqaqoutputmq,mtmt,networklinkpredict,modelgeneralizationpredict,circl,part,keyword,stl,structur,learningmachin,icdmtaskar,tion,distancenetworklink,problemmultiplegraph,manner,seltzer,testarticl,networkpredictionlink,nipsparameswaranweinberg,subgraph,lin,note,aqij,citationpredictionproblem,articlecit,ego,nipsqiaggarwalhuanglink,circlet,indexnetworkel,connectionlearn,pair,class,simplic,networkphonemerecognit,samplesect,wongabbeelkollerlink,conesq,sqprojectpsd,fact,turevector,subgradi,marginformul,observationintuitiongraph,random,imagesimilar,testexamplealgorithm,paperpredictionperform,cnlp,latent,mechanismsampl,decisiontask,violationpenaltyslack,methodtask,joint,paperperform,edgedist,liblinear,icdmliangcherkasski,teststag,knowledgeconnectivityinformationuncommonnariopractic,cikm,qi,performanceworkpointview,aqxqi,databasemanagementdatabasegener,knowledg,performancegain,subject,wikipedia,figur,import,experi,speechnit,attribut,sectionscenarioarticl,hasanchaojisalemzakilink,worktask,circletimeord,danielrockmoredepartmentcomputersciencedepartmentmathematicsdartmouthcollegehanovernh,mtrandom,context,gradientdesc,methodologycorrel,color,socialcirclest,ourapproachstructurepreservingmetriclearningspml,respect,searchenginepapersgraphtheorypapersphilosophypapersiterationsiterationsiter,union,specul,workshop,internationalworkshoplinkdiscoverylinkkddagarwaldaumeiiigerb,cikmlondonrekatsinashuanggetoor,strategi,searchenginegraph,predictioncod,bayesian,regardtrain,case,tang,tanc,margin,observ,advantag,henc,wwwsocial,structureinformationdictionproblemsnapshot,predictionrel,icdeseltzerdroppo,circlepredict,icmlzhouzhuyusongtsengzhagil,institutionjobtitl,areasensecontentcitationpattern,descent,perform,caretinctivenesstask,member,complex,document,targetnetwork,taskmultipl,imagevideosearch,complexitytrain,socialcirclesoci,task,areacontenttesttimereferenceinformationtestarticl,scenariosoci,exampl,model,dimension,distanc,linkpredictionproblem,lemnetworkcontext,valuenumb,spml,hing,input,learningtensor,distancenetwork,cvprweinbergersauldist,journalmachinelearningresearchcomartanjainmulti,loss,distributionnod,rijk,intuit,psd,convergencebehaviornetwork,mqalgorithmstochast,mahalanobi,world,nipswangzhangzhang,networkvers,measur,articlecitationpredict,cidendreturn,searchenginegraphtheoryphilosophyt,relationalstructurenetwork,predictionperform,percentag,problemmin,sampl,tangludhillon,overlap,recognit,versityvariationnetwork,cirl,power,probabilitystructur,step,comparison,learningchechiksharmashalitbengiolarg,dientregard,neighbor,cidend,gqxqaq,primal,circletask,relevancework,metriclearningnetworkdatachenfangdepartmentcomputersciencedartmouthcollegehanovernh,triangl,area,way,amountimprovementphilosophi,networkstructur,analysi,form,socialcirclekddfanchanghsiehwang,decomposit,absenceedgeoutputnotiondist,link,challengeproblemfact,sdm,circleadvantag,conclus,distancenod,notat,distanceexistencelinkpredict,cid,timerandom,mtl,informationoptimizationalgorithm,problem,alvers,curv,featur,circlelin,abstract,al,exist,formnetwork,linkanalysiscounterterrorismsecuritykashimaab,importanceworkfactnetwork,priori,varieti,test,textcategor,modeltask,node,zhou,networkgraphlinkageinformationnodenod,constructionmethodolog,pool,svm,algorithm,mtmtmtmtmt,afosrawardneukominstitutecomputationalsciencereferencesadafr,distancefeatur
reliabilityfig,vfdtc,trainingtim,accuracyvaluegaccbalanceaccgaccvalu,handminorityclassrecognitionaccuracymajorityclass,siamsdm,necsec,veri,paper,implement,classdistribut,accuraci,classcomparison,accgacc,imbal,ts,optimizationtechniqu,domingoshulten,zhangsoda,fig,predictiontask,approachclassifyingskeweddatastreamst,curvecas,case,contribut,hypothesi,gaofanhanyu,linebatchtrainingvalid,framework,methodacc,accuracyclass,hall,introduct,approachclassifyingskeweddatastream,measur,chawlabowy,matrixproblem,carvalhomonardselectionbaykiblerpazzanismyth,frameworkmethod,miningtransactionanomalyt,imbalancevalu,collectneciseciosec,osec,paperclass,papersect,summari,truepositivefalsepositivehypothesi,kotsiantispintelasmixtur,gamarochamedasaccur,thresholdparameterparameterquestiongacc,classskewaccuracyclass,sampl,majorityminorityclass,sea,majorityvot,zt,valuevalu,majorityclassrecognitionaccuracyminorityclass,logisticregressionbatch,probabilityinstancemajorityclass,performancenii,expert,validationbatch,cidcidcidcidcidcidcidcidcidcidcidcidcidcidcidcidcidcidcidcidcidcidcidcidcidcidcidcidcidcidcidcidcidcidcidcidcidcidcidcidcidcidcidcidcidcidcidcidcidcidcidcidcidcidcidcidcidcidcidcidcidcidcidcidcidcidcidcidcidcidcid,falsenegativetrueneg,nec,protocol,recognit,chawlajapkowiczeditorialspeci,secseanec,measureclassacc,tabletablebatch,proc,method,linevalidationmethodsubsect,spacelin,drawbackremov,variat,situat,handacc,reliabilityestim,zhangsodaoptim,acccomparison,seawangfanyuhan,valu,acc,comparison,resultst,actual,berlinheidelbergapproachclassifyingskeweddatastream,frameworkmin,recognitionaccuraci,majorityclass,choiceparameterthreshold,improv,backgroundmotiv,mean,transact,reviewliteratur,skewnessnumb,major,accaccgacc,necsecalgorithm,sigkdd,soda,workstudi,number,majorityclasssizeminorityclass,pointnearercurvepointperformancevalu,seanecsec,respect,size,pp,trainingstream,performanceevaluationclassskewreview,smote,sizebatch,skew,selectionmethod,smotesynthet,kdd,decisiontreelearn,restpap,gacctabl,accvalu,scheme,onecosec,minor,decis,analysi,minoritymajor,covertyp,methodaccountminorityclass,performancerecognitionsystem,train,gaccvalu,adult,methodus,line,kubatmatwin,me,thresholdaccgaccsystem,performanceplot,performancemetr,work,tree,batch,approachclassifyingskeweddatastreamsconclus,learn,report,sec,subsect,dn,classnumb,questionreli,stream,zhangsodat,confusionmatrixexampl,henc,mine,curs,motiv,ztzv,minorityclasssizeclass,tabl,areapatternrecognit,classimbalanceaccuracyminorityclass,ni,portiontest,chanfanprodromidi,divid,perform,validationthreshold,adultforestcov,amount,approachclassifyingskeweddatastreamsalgorithmalgorithm,creditcard,member,casevaluereliabilitydecis,valid,ponderosalodgepolepin,test,sourceadultforestcovercreditcarduciuciucsdexperimentalprotocol,gacc,secexperimentalevalu,distribut,limitationborderlin,methodexampl,time,estimationsubsect,hand,minoritytechniqu,zhangsodatableconfus,attent,leaf,streetkim,class,algorithmpropos,valueacc,task,valuegacc,personincomeyear,miningcreditcardfraud,reliabl,methodgaccrespect,minorityclass,classclassdistribut,issu,measureliteraturegacc,part,vfdt,accgaccacc,informationonlin,recognitionrateaddit,minorityclasssizemajor,timebatchsizebaselearn,forestcov,section,fact
pathsubpathnod,countinformationsizetre,rootsiz,orderroot,ransjnumb,ibmtechnicalreportsmaohuazhu,lowmin,nodecountparentlink,needanalysisfrequ,tj,methodcallprocedur,case,treestructur,transactionconstruct,risc,candid,sectionperformancestudysect,implement,dongli,level,charuaggarwalphilipyu,list,item,miningassoci,pleas,natur,further,pathhf,nodecountnodeai,index,frequentpatternminingalgorithm,transactionrootitem,section,access,bayardo,version,method,growthminingmethod,gener,levelreconstruct,pageaccess,ibmtechreportjulyagarwalaggarwalprasad,path,supportfrequ,coveryfrequ,srikantvuagraw,computefrequ,algorithmalgorithm,frequentpatterntreedesignconstruct,studi,examinationbottleneckmethod,generationtest,timeseriesdatabas,associationrul,informationfrequ,performancestudyperform,select,pageinform,performancescalabilityconstruct,memori,subpath,growthmethod,overhead,pathlength,dbrational,sort,evaluationperformancestudi,notic,dbcollect,examin,figuretreeproject,none,scalabl,patternpath,memoryconstructionconstruct,dblemmadb,sequentmin,patterntre,entryhead,root,constructionexampl,databasemethod,process,figurescal,corollari,numbert,basecm,pageheaderinform,lemma,transactionsizeaverag,searchfrequ,associ,pathcombin,frequentpattern,inform,combin,propertysubpathnod,order,patternbasecamroot,databasedatabasetransact,issuemateri,scalabilitynumb,reductionsearch,examinationnod,patternmin,paralleldistributedcomputingagrawalsrikantfast,wayfiguresupport,itemoccurr,turecount,countcumulationpathcountadjustmentcandidatetionpattern,miningprocess,runtimealgorithmsalgorithm,discuss,executiontimeperiodinputoutput,miningprocesspropertymin,tableroot,patternbaseconditionoccurr,dataminingknowledgediscoverynglakshmananhanpangexploratori,idea,aprioritreeprojectiontreeproject,itemlisthfmi,headerentri,event,countnumb,space,relevancefrequentpatternmin,extensionminingmethodmin,informationfrequentpatternmin,rational,occurr,correct,ree,roothead,watermark,countaccumulationpathcountadjustmentcandidategenerationpattern,pathtransform,base,processfrequ,frequenc,designconstruct,length,functioninsertchild,generatepattern,miningprocessconquerprocessscal,verkamo,frequent,transactionconstructionbranch,number,datastructur,frequencycountsupportabsoluteoccurrencefrequ,size,fair,patterncal,patterncam,system,construct,sectionfrequentpatternsconstruct,patternbasecas,transactionprojectionport,lot,mannilatoivonenverkamo,senseabsolut,tree,structur,project,matter,algorithminput,parkchenyu,comparisonapriori,transactiondatabaseitem,mine,increment,itemtransact,akcount,informationminingmethod,patternbaseitem,frequencycount,partitiondatabas,ation,conditionalcondit,port,note,patternbas,supportnumb,itemlistfrequencyord,structurealgorithmhelp,patternlengthconstruct,nodechild,tinct,pathaipath,processminingfrequ,runtim,pattern,performancegainsizecandid,microsoft,patternfrequ,transactiondatabaseexampl,transactionsupport,aibas,candidatepatternalgorithm,studyordermagnitud,methodsectionstudi,lemmalet,pathtreetraversalitem,nodetreeroot,levelsearchs,transact,apriori,papersectionstructureconstructionmethodsect,datastructurequentpatterntre,suppos,processbottomhead,nodesubpathcountnodeai,db,sectionperformancecomparison,scalabilityport,tablemin,recursivecallcal,bai,roottransact,knowledg,supportorderlistfrequ,runtimetim,machineenviron,engineeringresearchcouncilcanadanetworkscentresexcellencecanadalabfrequ,databas,struction,enumer,bilityreduct,figur,constructionprocess,reductionratio,agrawalsrik,figurehead,costtransact,combinatorialproblemcandidategenerationcandid,factordatabas,subpathnodehffrequencycount,reductionratiofrequ,savasereomiecinskinavath,projectionalgorithmgener,cm,period,header,patterntreestructur,databaseexampledatabas,treeprojectional,pathsubpathfrequencycount,workpart,pathhfpicount,strategi,itempathredundantpattern,studyimplement,londondrug,countlink,patternbasebranch,databasepp,child,lemmalemma,pact,properti,growthmethodminingfrequ,patterngrowthconcaten,maxmin,margin,pathquent,tabl,processconstruct,datastructuredatabas,caseoccurrencefrequ,performancecomparison,headitem,sarawagithomasagraw,perform,nodeak,ordermagnitud,sizeproject,treeprojectionfigurescal,optim,problemcomplet,frequencyitem,pathpattern,growthpropertysupport,performancestudymethod,task,correctnesscompletenessprocess,exampl,completenesscompactnesssever,branchtre,pathdatabas,biguitypath,computationcost,actionproject,tiditemsboughtfrequentitemst,propertyconstructionprocess,updateproblem,supportanalysi,formaksizesizedatabasecandid,hanpeiyin,comparisontreeprojectiontreeproject,subsequ,iteminsert,beyondmarketbasketassoci,nodetravers,transactiondatabas,sizesizedatabasetransact,numberlength,insert,pathtreederconveni,lentswamiwidom,output,manag,cmrootroot,pathcount,growth,silversteinbrinmotwaniullmanscal,scandb,leaf,camroot,condit,growthmin,machin,treeproject,corollarylet,brinmotwanisilverstein,tableitem,numberruntim,materi,literatur,page,dbminer,dbconclus,transactionorderlist,subpathaiexampl,structuremin,pathcountnod,patternminingproblem,figureapriori,itemlistheighttre,support,supportorigin,costcandidategenerationmatterimplementationtechniqu,way,generatepatternsupport,levelroot,analysi,head,algorithmminingassoci,performancesupport,miningproblemsequ,procedur,hc,hf,count,concaten,relevancefrequentpattern,rolemin,klemettinenmannilaronkainen,problem,creat,pathnodeai,numbercandid,itemlisthf,implementationcachetechniquematrix,mhzpentiumpc,structureinsertanalysisconstructionprocess,growthcompletenessresultcontextmethod,groupmod,searchtechniqueminingmethodgener,transactionhead,role,frequentpatterntre,test,node,baibai,figurefigurerun,sequenc,miningmethod,conditionalglobalcondit,contextminingquentpatterngrowth,constructionprocesstransact,itemlist,generationtransactionproject,algorithm,pathlengthnumb,portionpathnod,inputalgorithmdb,rule,dbtniti,time,grahnelakshmananwanghandongyin,cpu
explan,taskregress,methodfullmethoddiagmethodlmnnmcmlnca,distanc,neuralinformationprocess,newframeworkdissimilaritysimilaritylearninglmnn,algorithmsimpl,performancemethod,methodfullmethoddiagdatasetlmnnfullmcmlfullncafulldatasetlmnnfullmcmlfullncafullliverwdbcwinebalancecoloncentralleuk,ngjordan,uciliverwdbcwinebalancescal,optimizationproblemmin,performancedissimilar,paper,world,remaindersect,steppairwis,dimension,francsonnenburg,berlinheidelbergnewframeworkdissimilaritysimilaritylearn,regressionmethod,cidcijcid,locat,assumptiontrain,vectormachineslogisticregress,except,cidcid,logisticregress,version,differenceframework,input,problemstrict,cijyjmatchcij,yi,applic,dissimilar,papernovelframeworksimilarityfunct,regressionfunctionscor,intuit,util,framework,computationpredict,drizebattel,mahalanobi,triangleinequ,costfunct,malef,introduct,lmnndiagmcmldiagncadiaglrrr,term,partstudi,probabilitypa,frameworkwork,criterion,method,recognitionmachinelearningspringerheidelbergweinberg,factdupl,cidregress,comparisonperformancestandardknn,plexiti,dissimilarityfunct,mcml,russelldist,lrrr,ijw,attributexi,vol,formregular,problemlearn,planealgorithmsupportvector,costfunctionoptimizationproblemnumbertrac,lmnndiaglrrr,leukemialeukal,ter,port,tionformequival,performancealgorithmsrameworkapproach,rowtabl,matrix,space,support,section,frobeni,access,rithm,score,spaceclass,limit,xixj,distributionwork,instanceinput,nip,strictionlearn,conclusionsfuturework,lrrrmcmldiagncadiag,subspac,gener,valuetarget,ridgeregress,expcidcidcidcid,learningproc,parenthesi,pairwisedist,tage,ideaelabor,ridgeregressionrr,newframeworkdissimilaritysimilaritylearningxnew,major,procedurescor,tion,valu,stepfeatureextract,comparison,search,kalousispradoshilariost,margin,worksimilar,instanc,neighbor,regressionscenario,neighbourhoodqueryinstanceclass,distributionexampl,saul,learningalgorithm,formulationsimilar,cancerprostatecanc,xj,inequalitylatt,xi,cancer,claim,qualiti,number,rank,son,selectionruleprob,parenthesiscomparison,colon,weiss,famili,mitpresscambridgedaviskulisjainsradhillon,newframeworkdissimilaritysimilaritylearn,respect,typefreedom,uci,falmnn,supportvector,differ,ncafullliv,functionscor,complexitytheorypractic,partwork,newframeworkdissimilaritysimilaritylearningresultsanalysi,interact,massspectrometri,xil,system,goldbergerroweishintonsalakhutdinovneighbourhood,compon,xixjxixj,mcnemar,pa,formulationdissimilaritytim,way,sectlrrl,addit,factnumb,dardknn,challeng,function,handappl,commissioneu,computationsimilar,ncadiag,formfunct,pointcas,factcostfunctionconvex,train,classlabel,nca,exampleparametrizationoptim,tionwork,largemarginnearestneighborlmnnmaximallycollapsingmetriclearningmcmlneighborhoodcomponentanalysisnca,case,hertzweinshal,lmnnmcmlnca,target,cid,work,cidsolut,contributionwork,euclidean,versionerror,spaceframeworkcomputationdissimilaritymeasur,pairwis,numberinput,learn,errordiffer,problem,similar,result,lmnndiag,xixjexperi,performancenumb,complexitytoy,advantag,optimizationsolutionoptimizationproblem,predict,metric,diagnosi,nipsmitpresscambridgeglobersonroweismetr,probabilitypijinst,spaceoutputfunct,lncid,liverbal,optimizationproblemt,form,equival,perform,kerneldegreefeaturespaceimplement,neighborprob,regressionalgorithm,distancemeasur,problemoptimizationproblem,mitpresscambridg,learningappl,accesspair,featureinteractionoutperform,schultzjoachim,sect,casescor,evid,fw,optim,similaritylearn,inequalitysymmetricmizationproblemalgorithm,scorealgorithm,classlabelxj,tor,fa,regular,lmnn,schemaalgorithm,phase,balancecentr,notion,varianc,fl,class,strokemalefovarianprostatestrok,knn,dissimilaritymeasur,svm,swissnsfgrant,algorithm,prostat,descript,representationdecis,similaritymeasurestudydissimilar,distancelearn,inform,performanceframework,exampl,combin,metriclearn,idealgeometri,first,learningproblem,order,fact,carougeswitzerland
predictiontaskstudi,textmessagecalldiscontinu,entropi,estimationlocationhistoryentropyr,iti,random,percentagetransit,entropylocationsequ,likelihooddistribut,correl,sunc,figurecorrelationlimitlocationpredict,correlationloc,suncsrand,locat,gowallafebpoi,ln,gp,activ,predictionalgorithm,anova,granular,jiepanggowalla,numberratio,gowallamor,numbernumb,predictiontask,lz,cheneh,relationshipcas,schoolcampu,regularitynumb,locationpredictabilitynumb,historycombinationord,gowalla,correlationpredict,bound,lbsnintroduct,lationnumberrationumb,recordingcelltow,traceanalysi,ordersequenti,keywordsloc,boundpredict,paragraphsnumberratio,agegroup,perspectiveestim,sensor,historycorrelationlocationpredictabilitydenceadvertis,weiboapimarchmarch,genderagepredict,popular,relatedwork,markov,friendship,dimens,yanhanwang,clrconclusionfuturework,trend,leverageinformationprocess,pressjensenlarsenjensenlarsenhansen,numbercel,predictabilitycorrelationmobl,second,agegend,result,hourweek,personphon,limitanalysisdiscuss,studylimitlocationpredictabilityext,testtabl,network,lbsn,proliferationsmart,cell,figur,celltow,caseaddit,analysisvari,perceptionarea,process,lianmostfreq,fanotransmiss,limitlocationpredict,noulasscellatolathiamascolo,reason,entropyinterestrandom,jiepangweibo,correlationgenderagepredict,entropytimeserieslengthobservationsequenceln,predictabilityentropi,frequenc,region,waypredict,locationpredict,variancelocationpredictabilitypopul,amount,mostfreq,pointlocationarea,predictabilityanalysi,dictabl,assumptioninform,uncertainti,predictabilitymobilesensor,frequent,theori,pointinterestpoi,gowallajiepang,frequencycel,question,number,srandsuncentropysrandsuncentropyfig,limitpredict,api,assumptionobservationconclus,predictabilitytim,poi,principlereason,dormitorycampusanalysi,mobil,locationpredictabilitylbsn,kontoyiannisalgoetsuhovwynernonparametr,networkservic,testrelationcorrel,jiepanggowallaal,matteralgorithmaccuraci,visit,studylimit,predict,ageinform,predictabilityboxplotpredict,interest,jiepang,instanc,type,twitter,store,dictabilitymobilesensor,analysi,plotpredictabilityrespectgenderagecorrel,way,relationship,resolut,jiepangpoi,gap,samplepath,predictabilitynumberlocationnumb,sun,workanalysislimitpredict,friendshiploc,case,resulttest,kind,locationsequ,pn,medianquantilepredictabilityerrorbarplot,chomyersleskovecfriendship,histori,workproblemlocationpredictionpres,ieeeinternationalworkshopmachin,limit,clr,behavior,zhoudivers,posit,problem,male,gaotangliu,tinuiti,averagedayaverag,discontinuityadditiondiscontinu,lbsnslbsn,locationpredictabilitytracesampl,srand,share,locationhistori,probabl,develop,squar,person,predictabilityfigur,length,predictabilitycelltow,genderinformationagetag,test,processmodel,probabilitydistribut,divers,kendal,distribut,diversitycorrelationanalysispredict,max,rankcorrelationtableanalysisvari,shareinform,studylimitpredict,regular,predictabilityconclus,concav,averag,probabilitylocationnumb,task,testtablet,practic,algorithm,age,correlationpredictabilitynumb,liangowallajiepanggowallajiepangloc,femaleagegenderfigbox,predictionhelp,inform,exampl,correlationlocationpredictabilitynumb,jiepanggowallafigur,predictabilitycel,order
popk,random,lengthsequencenumb,evolutiongener,paper,ga,decay,indpopitnesscalculatefitnessinditnessitnessdfitnessdfitnessitnessdfitnesspopk,runga,patternmin,fig,ratedecayr,sequentialpatternstransactiondatabasespeihanjianyongpintoqimingdayalsandra,subsequ,match,applic,spamsequentialpatternmin,amo,choic,berlinheidelberg,evolutionspeeddecayr,indminsup,utat,examplecrossoverplac,selectionselectionpopulationnumb,not,yu,prune,measur,populationpopulationnumbercount,chromosomecodecrossovermut,crossoverr,pnsp,item,figalgorithmflowsequ,icailasvegasnevadausasrikantagrawalminingsequentialpatternsgeneralizationsperform,ceas,lation,sequencesequencesequ,ideaalgorithm,patternpattern,rate,crossoverplac,pnspmapriori,chen,minsupdecayratecrossoverratemutationratepopinitialpopul,sequencesp,bilalerhan,matterel,elementsequencegen,space,selectionmethodroulettewheelselect,pattern,section,exampledifferenceitemclaimitemcodecustomerclaimdatabasecid,contractionpopul,patternmutationsequencegener,select,sup,experi,method,caserevers,ouyanghuang,mancecomparison,gener,pnspzheng,effect,posit,step,evolvementmethod,generationmanceselectionmethod,valu,popul,subsequenceeiej,permutationmethodproblemformatformatsequ,problemstat,performancealgorithm,constraint,decayratepercentagevalu,elementelementt,subsequencespsr,reason,populationselectioncrossov,sequencesupport,length,pnspgsp,sizerecordcount,generalizedsequentialpatternsgenet,commonli,valueit,mutationr,number,pop,methodmin,sequentialpatternminingalgorithm,xpprofession,therworkpostmin,associationrul,selectionpopul,fitnessfunct,sequentialpattern,java,indpopk,ibm,sequencesequencesr,support,way,eqn,sequencedatabasepattern,aprioriallgeneralizedsequentialpatternsgspspadesequentialpatterndiscoveryequival,percentagevaluesequencefrequ,sequencedm,databasesequ,geneticalgorithmga,crossovermutationmut,itnessitnessstep,dynamicfit,algorithmdescript,mine,contract,part,sequencechromosomeideasmethodsect,algorithmsectionsect,sequencechromosom,returnpop,genetagel,case,kind,algorithm,workmost,encevol,crossovermutationcrossov,populationord,generationcrossovermut,permutationvalu,wseashangzh,patternminingsearchspac,generationit,mutationevolut,generationstepprocess,sequenceel,subsequencesn,conclusionsfutureworkga,advantag,performanceprocesshasht,al,keywordsnegativesequentialpatterngeneticalgorithmsequenceminingdataminingintroduct,industri,supportgenerationminsup,insurancecompanypattern,tabl,proport,mutat,perform,sequenti,haupthauptpracticalgeneticalgorithmswileynewyorkjayjasonjohannestomisequentialpatternminingbitmapproceedingseighthacmsigkddinternationalconferencediscoverydataminingacmedmontonmitchellintroductiongeneticalgorithmsmitpresscambridgen,pcintelcorecpu,chromosom,claimitem,figcomparisonpnspalgorithmsperformancecomparison,decayrateris,zheng,insur,ming,probabilitycross,sequenc,examplemut,chart,principleredund,sql,returnpopk,associ,sequencesequ,effectlot,memori,experimentnumb,nanci,frequentpattern,pseudocodealgorithm,element,exampl,crossov,populationselect,time
represent,entropi,maimonrokach,briefalgorithmmin,paper,cepmcadaboostbaggingrandforsvmsjep,accur,problemdomain,washingtondcusa,patternmin,ucirepositorymachinelearningrandomforestsupportvector,fig,patternminingcollect,applic,valuethreshold,return,discretizationmethoddiscret,ieeecomputersocietypresslosalamitosintersciencehobokenho,candid,modelclass,report,supportaxsupportminim,recalcul,elomaamannilatoivonenpkddlncsquinlanprogramsmachinelearningmorgankaufmann,induct,inductioncollectionrepres,collect,analysisdnamicroarray,supportvectorintroduct,patternexampl,accuracydatabas,machin,work,inclusiontoler,classpredictionqueryobjectpredict,supportvalu,supportvectormachin,supportpattern,cepmc,ep,subspacemethoddecis,supporto,informationgain,expert,pattern,section,cell,experiment,classmajor,patternconjunct,alhammadi,attribut,newemergingpatternminingalgorithm,model,pseudocod,sampleproblem,variat,fayyadirani,axsupport,tion,valu,bioplanta,prenticehallptrknowledgediscoverydataminingsandiegocaliforniaunit,algorithmsmin,pclass,length,discretizationattribut,objectcomplementclass,futurealgorithm,tableconclus,color,number,novelobject,vote,iterationobject,supportvector,decisiontre,collectiondecis,joriti,sanfranciscomerzmurphyuci,support,ieeefrankhallholmeskirkbypfahringerwitten,valuepap,minimalsupportthresholdcepm,compon,baileymanoukianramamohanaraofast,repositorymachin,weightingschem,way,abstentionr,scheme,decis,inductionprocedur,restpap,quackenbushcomput,procedur,abstentionratioratio,ieeecomputersocietylosalamitosfanramamohanaraofast,dbnameadaboostbaggingrandforsvmsjepcepmc,properti,clevelandhabermanhepatitislaborlymph,structur,schemepaperalgorithm,crispemergingpatternminingcepm,problem,root,pairwisecomparison,sjep,nearest,discoverygener,informationgainweightobject,experimentalresult,vol,classim,discretizationaccurateestimationsupport,mine,cepm,tabl,nationalcouncilsciencetechnologynewemergingpatternminingalgorithm,etallengthclasscollect,patternsplit,binationfeatur,accuraci,discret,pclasspchildnot,sensitivitysupport,applicationfig,candidatesplitclass,repeat,averagesupport,newemergingpatternminingalgorithmcentro,berlinheidelbergnewemergingpatternminingalgorithm,classmaximumvalu,pchild,class,averag,extractiondur,supportvalueexamplechesscensu,algorithm,age,abstent,exampl,eatur,degrad
ionospherebotsfig,neuralinformationprocess,predictionincomingsampl,nsctaiwan,marginsampledistancesampl,paper,abil,updateproblem,httphttptabl,nois,crammerkuleszadredzeadaptiveregularizationweightvectorsneuralinformationprocess,performancelearn,solut,deviat,incrementallearningalgorithm,batchlearningsupportvectorieeepresscrammerdekelkeshetshwartzsingeronlinezhulazybaggingclassifyingimbalanceddata,yihingelossfunctionsolutionoptimizationproblem,yi,ionosphereonlin,yk,sourc,yeast,berlinheidelberg,cpim,mention,losszero,algorithmchenhuangmurpheyincrementallearningtextdocumentieeepress,derivationrespect,loss,numberdomainexperi,curacylatt,wisampl,svmonlin,internationalxiaowangzhang,domain,featureselectionperceptron,papersimplicitypapersimpl,bookdvdonlin,knowledg,abilitycasestudytextcategor,sampl,equpd,respons,chen,eq,distribut,aggressivealgorithmsourcedatasetsentimentdvdssentimentbook,detect,network,ipa,section,fuleediabetesonlin,method,aggressivealgorithmxixi,kitchenbooksdvdselectron,emailsfig,wk,fuleexixi,chine,step,wt,incrementallearningsupportvector,booksdvd,sender,constraint,bot,algorithmpaalgorithm,knowledgelatterlabel,sampledistributionproachsupport,optimizationproblem,fuleeemailonlin,xk,rang,xi,algorithmincrementallearningjuihsifu,fuleealgorithm,nsc,period,aggressivealgorithmheartconnectionistonlin,hyperplan,select,size,marginsamplepredict,networksystemsecuritysymposiumisocdutengyangzhuintrusiondetectionsystem,pp,ucirepositori,spam,support,mitpresscambridgelinyenfuyuanomalousspammingactivitiescampusnetwork,booksdvdsemail,vol,pa,ionospher,emailsuciconnectionistbenchuciionosphereuciaustraliancreditapprovaluciucistatlogheartuci,machin,formsolut,strategi,part,algorithmsectionsect,conclus,methodinconsist,consist,cid,sizefeatur,work,batch,grantno,internationalconferenceresearchconconigentileperceptronalgorithmwangsanwang,keywordsincrementallearningapproachesintroductionrequest,margin,paipa,advantag,predict,nationalchungchengsenti,onlin,approachincrementalsvmlearningieeepresscauwenberghspoggioincrementaldecrementalsupportvector,ucipimaindiansdiabetesuciuci,incorrect,botsccucyt,end,optimizationproblemwi,perform,sectiononlinealgorithm,ieeeinternationalng,accuraci,intrusiondetect,supportvectormachinessvm,xtyt,australianionospher,updat,product,http,palearningalgorithminiti,mitpresscambridgeliu,optim,sampledistribut,ionospherefig,incrementalfule,class,goh,svm,algorithm,thu,executiontim,onlinemodelingmethodsupportvector,lagrang,model,signwtadjustmentwt,improvedprotein
